Layer,Name,GEOID,Population,PCT-I_2019-2023,PCT-C_2019-2023,PCT-S_2019-2023
(Indicator name),,,,"Demographics, 0-4 years (% of residents), 2019-2023","Demographics, 0-17 years (% of residents), 2019-2023","Demographics, 65 and older (% of residents), 2019-2023"
(Definition),,,,"Percent of residents within each demographic group. Use this topic to explore age, gender, and racial/ethnic breakdowns.","Percent of residents within each demographic group. Use this topic to explore age, gender, and racial/ethnic breakdowns.","Percent of residents within each demographic group. Use this topic to explore age, gender, and racial/ethnic breakdowns."
(Citation),,,,"American Community Survey (Table B01001)","American Community Survey (Table B01001)","American Community Survey (Table B01001)"
---,---,---,---,---,---,---
Census tract,Tract 101,17031010100,4905,3.462157809983897,5.958132045088567,14.358561460010735
Census tract,Tract 102.01,17031010201,6939,10.648392198207697,24.56510279388508,8.724301528729574
Census tract,Tract 102.02,17031010202,2742,1.5714833269451896,15.983135300881566,15.369873514756613
Census tract,Tract 103,17031010300,6305,2.7412454444620504,7.114561876089367,20.598954206940263
Census tract,Tract 104,17031010400,5079,1.5880429705744978,2.171882297991593,9.878561419897244
Census tract,Tract 105.01,17031010501,4206,4.234157431088378,7.274793975561239,10.258596192100027
Census tract,Tract 105.02,17031010502,3278,2.102733553619706,12.946830880144184,7.1192550315410035
Census tract,Tract 105.03,17031010503,2565,2.7777777777777777,7.770745428973277,23.347398030942333
Census tract,Tract 106,17031010600,6225,2.7728085867620753,12.745974955277282,11.121049493142516
Census tract,Tract 107.01,17031010701,3673,5.31766022949902,19.70333053456479,15.28127623845508
Census tract,Tract 107.02,17031010702,4776,10.29810298102981,30.371660859465734,2.8261711188540457
Census tract,Tract 201,17031020100,4202,5.951795376291195,17.51106738809641,10.083620265617316
Census tract,Tract 202,17031020200,7128,10.427326787442954,34.51804729636288,14.258055593970406
Census tract,Tract 203.01,17031020301,5261,8.491528883445602,27.107572974076344,26.80138803837518
Census tract,Tract 203.02,17031020302,5010,4.321876929409344,27.63943198188928,19.3043836180284
Census tract,Tract 204,17031020400,4435,5.803468208092485,20.763005780346823,12.786127167630056
Census tract,Tract 205,17031020500,6599,9.976456739258388,26.41259564449676,13.140082401412595
Census tract,Tract 206.01,17031020601,6699,6.69350780070458,33.93725884918638,13.370239892635464
Census tract,Tract 206.02,17031020602,4662,7.304347826086957,25.217391304347824,13.56521739130435
Census tract,Tract 207.01,17031020701,1879,2.756141402037148,16.89634511683643,30.617136009586577
Census tract,Tract 207.02,17031020702,7717,7.892873997168476,32.92826805096743,16.104294478527606
Census tract,Tract 208.01,17031020801,5648,5.726872246696035,19.897209985315712,16.501468428781205
Census tract,Tract 208.02,17031020802,7546,6.48053569401884,33.02689819543752,6.991260923845194
Census tract,Tract 209.01,17031020901,5848,6.945765937202664,28.81382810022201,8.182683158896289
Census tract,Tract 209.02,17031020902,4488,3.3055885850178357,18.549346016646847,21.759809750297265
Census tract,Tract 301.01,17031030101,3687,2.0858164481525625,9.35637663885578,21.573301549463647
Census tract,Tract 301.02,17031030102,3121,0.0,5.5245371730825745,21.892447840141052
Census tract,Tract 301.03,17031030103,2104,0.0,4.695652173913043,8.869565217391303
Census tract,Tract 301.04,17031030104,3521,0.7056748015289621,4.4692737430167595,12.672743310790944
Census tract,Tract 302,17031030200,5627,6.231936416184971,12.626445086705202,12.86127167630058
Census tract,Tract 303,17031030300,3148,3.51728320194057,10.97634930260764,14.251061249241964
Census tract,Tract 304,17031030400,2597,4.45993031358885,17.00348432055749,12.125435540069686
Census tract,Tract 305,17031030500,6183,5.140549774809753,12.688305637521356,9.473520733033078
Census tract,Tract 306.01,17031030601,3293,7.351380042462845,17.940552016985137,12.791932059447984
Census tract,Tract 306.03,17031030603,2045,5.085529357374018,13.176144244105409,9.338881183541378
Census tract,Tract 306.04,17031030604,3737,0.4296455424274973,5.442176870748299,23.809523809523807
Census tract,Tract 307.01,17031030701,1671,1.9672131147540983,8.786885245901638,13.442622950819672
Census tract,Tract 307.02,17031030702,2318,0.6815084052703316,8.041799182189914,27.260336210813268
Census tract,Tract 307.03,17031030703,3075,2.4342745861733204,7.205452775073027,26.64719246997728
Census tract,Tract 307.06,17031030706,2933,0.6458966565349544,3.229483282674772,30.015197568389056
Census tract,Tract 308,17031030800,4284,5.540417801998183,14.645776566757492,15.440508628519527
Census tract,Tract 309,17031030900,2952,3.225806451612903,12.533602150537634,9.576612903225806
Census tract,Tract 310,17031031000,3868,4.845930998156439,8.085330524097973,6.821174611535423
Census tract,Tract 311,17031031100,4691,3.1708874228559267,7.916577995318152,10.214939348797616
Census tract,Tract 312,17031031200,5541,2.3349571644548965,11.926759616999831,8.029564925247774
Census tract,Tract 313,17031031300,6719,3.0843443940944306,7.396579447449203,28.080689957608534
Census tract,Tract 314,17031031400,5221,1.4881576189478096,4.087193460490464,18.402850555439112
Census tract,Tract 315.01,17031031501,4155,6.891556291390728,21.4817880794702,13.493377483443709
Census tract,Tract 315.02,17031031502,4712,8.509719222462204,19.37365010799136,10.971922246220302
Census tract,Tract 317,17031031700,6294,4.707607102133898,9.236031927023944,5.391757615246783
Census tract,Tract 318,17031031800,1910,6.212121212121212,11.767676767676766,8.737373737373737
Census tract,Tract 319,17031031900,2522,3.358963982193444,14.204775394577092,7.122622420072846
Census tract,Tract 321,17031032100,7543,2.007862959842741,6.248244875035103,10.348216793035665
Census tract,Tract 401,17031040100,3905,5.206463195691203,16.491408053347012,11.361887663503463
Census tract,Tract 402.01,17031040201,6408,2.886082974885528,18.03801859303455,9.671153045650062
Census tract,Tract 402.02,17031040202,7318,9.11970436848357,23.228190576745416,13.712551141612774
Census tract,Tract 403,17031040300,2928,4.925124792013311,22.196339434276208,20.033277870216303
Census tract,Tract 404.01,17031040401,3129,7.37217598097503,19.530321046373363,13.198573127229489
Census tract,Tract 404.02,17031040402,4746,4.6164772727272725,6.392045454545454,6.93655303030303
Census tract,Tract 406,17031040600,2530,5.688073394495413,13.064220183486238,10.862385321100918
Census tract,Tract 407,17031040700,3426,5.377826806398235,20.40816326530612,7.418643132928847
Census tract,Tract 408,17031040800,1636,4.169381107491857,12.899022801302932,10.03257328990228
Census tract,Tract 409,17031040900,2063,3.782976605276257,15.828770532603285,12.09556993529119
Census tract,Tract 501,17031050100,2568,3.513394817742644,13.790074659639878,8.476064997804128
Census tract,Tract 502,17031050200,5309,7.146845337800112,28.959612879210862,13.735343383584588
Census tract,Tract 503,17031050300,2671,3.559633027522936,24.3302752293578,13.577981651376149
Census tract,Tract 505,17031050500,5117,13.08920919361122,30.853135956369304,6.719906505648616
Census tract,Tract 506,17031050600,2443,5.905511811023622,17.016622922134733,7.436570428696412
Census tract,Tract 507,17031050700,1513,8.018867924528301,17.99191374663073,9.568733153638814
Census tract,Tract 508,17031050800,1406,13.111268603827073,32.60099220411056,2.4805102763997167
Census tract,Tract 509,17031050900,1426,5.901426718547341,22.957198443579767,9.987029831387808
Census tract,Tract 510,17031051000,1538,11.591591591591593,25.285285285285287,5.165165165165165
Census tract,Tract 511,17031051100,1599,13.519313304721033,27.682403433476395,3.969957081545064
Census tract,Tract 512,17031051200,1581,7.0287539936102235,18.977635782747605,5.49520766773163
Census tract,Tract 513,17031051300,2907,12.87978863936592,34.709379128137385,3.1704095112285335
Census tract,Tract 514,17031051400,2492,12.30826786382342,27.72166105499439,4.040404040404041
Census tract,Tract 601,17031060100,2830,12.138544645694312,26.27899586908167,9.532888465204955
Census tract,Tract 602,17031060200,2313,6.103717301514456,12.849931161083068,7.664066085360258
Census tract,Tract 603,17031060300,3076,4.444444444444445,15.76388888888889,9.375
Census tract,Tract 604,17031060400,3709,9.06113537117904,23.60807860262009,3.002183406113537
Census tract,Tract 605,17031060500,1374,2.4752475247524752,17.40924092409241,22.524752475247524
Census tract,Tract 608,17031060800,5295,1.4027671022290549,4.016141429669485,16.69869331283628
Census tract,Tract 609,17031060900,7104,3.742576992128159,6.173180499930949,16.503245408092802
Census tract,Tract 610,17031061000,2279,4.007203962179198,7.609185051778478,5.177847816298964
Census tract,Tract 611,17031061100,1367,4.239766081871345,7.967836257309941,1.608187134502924
Census tract,Tract 612,17031061200,1932,5.472154963680388,14.334140435835351,7.070217917675545
Census tract,Tract 615,17031061500,1797,3.0927835051546393,9.441128594682583,8.410200759631037
Census tract,Tract 618,17031061800,1051,1.486013986013986,2.972027972027972,6.031468531468532
Census tract,Tract 619.01,17031061901,3625,2.0349670392662653,6.391516193751791,15.104614502722844
Census tract,Tract 619.02,17031061902,4665,2.3959646910466583,7.524169819251786,17.843631778058008
Census tract,Tract 620,17031062000,2843,5.50118123523456,8.032399595005064,6.1424232197097535
Census tract,Tract 621,17031062100,3817,3.4980566352026647,5.052748473070516,6.718489727928928
Census tract,Tract 622,17031062200,3244,15.282083075015498,19.86980781153131,1.8598884066955983
Census tract,Tract 623,17031062300,1667,10.146777281429484,25.335035098915128,4.339502233567326
Census tract,Tract 624,17031062400,1673,12.195121951219512,20.930232558139537,7.260351673284175
Census tract,Tract 625,17031062500,1675,7.10868079289132,16.67805878332194,3.2809295967190706
Census tract,Tract 626,17031062600,2477,7.620660457239628,31.202370872142257,4.868755292125317
Census tract,Tract 627,17031062700,2955,6.107660455486543,14.251207729468598,7.280883367839889
Census tract,Tract 628,17031062800,3851,9.028146574614976,19.118428040361128,4.567180031864047
Census tract,Tract 629,17031062900,4125,6.173410404624277,13.710982658959535,3.9768786127167632
Census tract,Tract 630,17031063000,3417,3.745442492542261,7.954922108054359,5.402717931720251
Census tract,Tract 631,17031063100,2376,4.794229953330505,8.655070004242681,2.460755197284684
Census tract,Tract 632,17031063200,6900,1.080080234531708,4.860361055392686,17.03440827032865
Census tract,Tract 633.01,17031063301,2833,3.5027472527472527,6.559065934065934,13.942307692307692
Census tract,Tract 633.02,17031063302,4577,5.0818882466281305,7.032755298651253,10.86223506743738
Census tract,Tract 633.03,17031063303,1274,1.405152224824356,5.152224824355972,49.88290398126464
Census tract,Tract 634,17031063400,2417,1.9206680584551148,12.567849686847598,2.7139874739039667
Census tract,Tract 701.01,17031070101,4171,0.765733429050012,8.255563531945441,22.445561139028474
Census tract,Tract 701.02,17031070102,3063,3.3681374200067364,7.409902324014819,7.645671943415292
Census tract,Tract 701.03,17031070103,1845,0.0,0.0,1.0351966873706004
Census tract,Tract 702,17031070200,4200,2.4730334122599316,10.234148908182055,10.049986845566956
Census tract,Tract 703,17031070300,4349,2.8192371475953566,12.686567164179104,2.377003869541183
Census tract,Tract 704,17031070400,3250,7.617306520414381,17.45886654478976,9.628275441803778
Census tract,Tract 705,17031070500,3322,5.321861057998725,18.54684512428298,14.467813894200129
Census tract,Tract 706,17031070600,3449,6.875753920386007,26.869722557297948,6.332931242460796
Census tract,Tract 707,17031070700,3699,8.249387421726109,22.025592158998094,11.434794445956983
Census tract,Tract 710,17031071000,4357,3.543949638610399,12.497085567731403,4.896246211238051
Census tract,Tract 711,17031071100,3091,3.6291552302531263,13.38822811832876,8.325709057639525
Census tract,Tract 712,17031071200,2973,6.5652818991097925,17.618694362017802,9.56973293768546
Census tract,Tract 713,17031071300,3893,3.1587057010785826,13.687724704673856,13.81612737544941
Census tract,Tract 714,17031071400,4962,1.8502202643171808,7.687224669603525,12.136563876651982
Census tract,Tract 715,17031071500,6282,2.929360562437228,8.520254435888852,11.801138265818548
Census tract,Tract 716,17031071600,1793,9.26130099228225,24.586549062844544,10.584343991179711
Census tract,Tract 717,17031071700,1660,4.859335038363171,24.36061381074169,14.25831202046036
Census tract,Tract 718,17031071800,2652,3.966822935448972,19.87017670393076,8.294266137756942
Census tract,Tract 801,17031080100,6388,0.8089305937550558,4.077010192525481,31.807150946448793
Census tract,Tract 802.01,17031080201,3375,0.0,2.810304449648712,27.429742388758783
Census tract,Tract 802.02,17031080202,4225,2.495759631693724,3.8526774897019624,20.76568936273322
Census tract,Tract 803,17031080300,5499,2.193633514761669,11.957776678212106,5.657265380174831
Census tract,Tract 804,17031080400,4569,10.273972602739724,24.80788506515202,7.2836618777146676
Census tract,Tract 810,17031081000,8746,0.8647239990523572,5.0106609808102345,14.238332148779907
Census tract,Tract 811,17031081100,4187,2.1588089330024816,5.607940446650124,10.22332506203474
Census tract,Tract 812.01,17031081201,5080,1.7966695880806312,3.4837861524978084,25.17528483786152
Census tract,Tract 812.02,17031081202,3357,4.849688031764039,9.89790130459444,41.88882586500283
Census tract,Tract 813,17031081300,5540,1.7510402219140082,3.918169209431346,30.963938973647707
Census tract,Tract 814.01,17031081401,2508,2.5984911986588433,7.3763621123218766,28.331936295054483
Census tract,Tract 814.02,17031081402,7052,2.508960573476702,8.520690778755295,13.033561420658195
Census tract,Tract 814.03,17031081403,9843,2.763899223982141,6.484532794727331,9.02519400446476
Census tract,Tract 815,17031081500,5917,3.756528726396143,4.399357171554842,13.137806347930898
Census tract,Tract 816,17031081600,4168,3.2541567695961997,7.672209026128265,6.579572446555819
Census tract,Tract 817,17031081700,5537,1.400882748033007,1.400882748033007,5.200537324889656
Census tract,Tract 818,17031081800,11373,3.986737829532589,5.757722788290474,8.013909105612163
Census tract,Tract 819,17031081900,1325,6.230529595015576,11.91588785046729,8.489096573208723
Census tract,Tract 901,17031090100,3585,5.8840496106143645,17.68099221228728,16.00807614652437
Census tract,Tract 902,17031090200,6626,9.08662900188324,23.226616446955433,13.700564971751412
Census tract,Tract 903,17031090300,1314,9.824046920821116,23.020527859237536,13.563049853372434
Census tract,Tract 1001,17031100100,5538,6.323898244356861,24.38194195628807,16.85775707631673
Census tract,Tract 1002,17031100200,7024,6.7063492063492065,23.796296296296298,18.69047619047619
Census tract,Tract 1003,17031100300,6252,5.024646207664175,21.76816664016537,33.63014787724599
Census tract,Tract 1004,17031100400,3207,7.493388186893917,26.682339112547755,18.483690861004995
Census tract,Tract 1005,17031100500,6116,5.663748436662497,21.064856172949796,21.51152403073075
Census tract,Tract 1006,17031100600,4897,8.306055646481179,25.83878887070377,13.52291325695581
Census tract,Tract 1007,17031100700,4967,7.604345340194396,22.67962645321136,19.534972365161043
Census tract,Tract 1101,17031110100,5568,11.50442477876106,24.39701544334548,15.40864133263925
Census tract,Tract 1102,17031110200,2772,5.398729710656316,15.455187014820044,16.019760056457304
Census tract,Tract 1103,17031110300,5348,7.069510268562401,25.41469194312796,14.889415481832543
Census tract,Tract 1104,17031110400,4522,3.4737785746302103,15.643209323173464,19.004930524428502
Census tract,Tract 1105.01,17031110501,4786,4.924167815639157,18.337600945440222,14.77250344691747
Census tract,Tract 1105.02,17031110502,3220,3.8629102526866106,20.766773162939295,15.91635201858844
Census tract,Tract 1201,17031120100,4402,2.53411306042885,22.977582846003894,21.832358674463936
Census tract,Tract 1202,17031120200,4748,7.642602495543673,22.794117647058822,22.01426024955437
Census tract,Tract 1203,17031120300,6920,8.148879176653038,26.53320174820245,16.579726490906527
Census tract,Tract 1204,17031120400,3526,5.6889352818371615,24.13883089770355,9.864300626304802
Census tract,Tract 1301,17031130100,5205,9.338929695697797,18.551941238195173,41.427072402938094
Census tract,Tract 1302,17031130200,1403,5.326231691078561,17.576564580559253,24.4340878828229
Census tract,Tract 1303,17031130300,5083,6.064908722109533,20.385395537525355,11.987829614604465
Census tract,Tract 1401,17031140100,3464,4.555494202098289,20.26504693539481,7.454445057979017
Census tract,Tract 1402,17031140200,5834,4.28921568627451,20.787377450980394,10.17156862745098
Census tract,Tract 1403.01,17031140301,2693,8.682432432432433,21.52027027027027,8.682432432432433
Census tract,Tract 1403.02,17031140302,4060,5.679811653914067,15.214832254267217,19.070041200706296
Census tract,Tract 1404,17031140400,6503,7.610008628127696,18.18809318377912,21.93270060396894
Census tract,Tract 1405,17031140500,3451,3.7987012987012982,17.045454545454543,15.909090909090908
Census tract,Tract 1406.01,17031140601,2545,5.703580349708576,22.89758534554538,16.902581182348044
Census tract,Tract 1406.02,17031140602,5041,3.234501347708895,21.810422282120395,7.70440251572327
Census tract,Tract 1407.01,17031140701,2784,4.567814476458187,15.495432185523542,8.678847505270555
Census tract,Tract 1407.02,17031140702,5535,3.873636705528394,17.431365174877776,11.26363294471606
Census tract,Tract 1408,17031140800,6486,4.245055475156778,17.25357774561827,11.497025245216271
Census tract,Tract 1502,17031150200,7434,7.071995464852608,17.233560090702948,14.668367346938776
Census tract,Tract 1503,17031150300,7120,2.3878020713463752,15.65017261219793,14.499424626006904
Census tract,Tract 1504.01,17031150401,4681,6.09167671893848,20.466425412143145,17.59147567350221
Census tract,Tract 1504.02,17031150402,3831,6.757102636293831,26.61888917327873,12.746352700281546
Census tract,Tract 1505.01,17031150501,3823,6.6939192641798675,16.683699540112418,17.1691364333163
Census tract,Tract 1505.02,17031150502,4239,5.148364189703272,21.17676895764646,18.31093076337814
Census tract,Tract 1506,17031150600,3882,9.177294323580895,25.731432858214554,12.528132033008252
Census tract,Tract 1507,17031150700,4429,4.505779665015334,29.2757725878745,12.290634583628217
Census tract,Tract 1508,17031150800,4903,5.829699334404407,15.285747073674546,16.18085838879963
Census tract,Tract 1510.01,17031151001,2833,10.976532929598788,26.60862982588948,9.197577592732776
Census tract,Tract 1510.02,17031151002,4588,5.2207130730050935,20.8616298811545,8.955857385398982
Census tract,Tract 1511,17031151100,5140,3.8986740550168215,20.700573916485254,13.833366317039385
Census tract,Tract 1512,17031151200,3880,2.465057179161372,15.984752223634052,15.501905972045742
Census tract,Tract 1601,17031160100,2444,8.521870286576169,22.54901960784314,16.817496229260936
Census tract,Tract 1602,17031160200,3278,8.530942741469056,26.055523423944475,13.59167148640833
Census tract,Tract 1603,17031160300,3769,7.221438645980253,20.05641748942172,12.665726375176304
Census tract,Tract 1604,17031160400,4854,5.826923076923077,24.211538461538463,7.923076923076923
Census tract,Tract 1605.01,17031160501,3703,2.5749933634191664,20.46721529068224,9.66286169365543
Census tract,Tract 1605.02,17031160502,3300,9.613909486064944,25.23651240092048,12.528765021733571
Census tract,Tract 1606.01,17031160601,3380,9.740691489361703,21.476063829787233,8.876329787234043
Census tract,Tract 1606.02,17031160602,3481,3.323505762530153,21.656392388099704,8.362369337979095
Census tract,Tract 1607,17031160700,5766,4.789572864321609,19.33103015075377,16.59861809045226
Census tract,Tract 1608,17031160800,4997,6.092040739343644,22.180309317238777,7.468879668049793
Census tract,Tract 1609,17031160900,2410,5.42317173377157,18.28266228430567,13.475760065735416
Census tract,Tract 1610,17031161000,1899,9.619341563786008,19.90740740740741,11.368312757201643
Census tract,Tract 1611,17031161100,1940,11.11111111111111,26.15844544095665,6.427503736920777
Census tract,Tract 1612,17031161200,2820,5.1497443389335285,22.863403944485025,11.869978086194305
Census tract,Tract 1613,17031161300,3899,5.468542606848952,23.520042474117332,11.70692859039023
Census tract,Tract 1701,17031170100,2034,1.7866258295048496,3.4711587544665647,42.266462480857584
Census tract,Tract 1702,17031170200,3812,5.414273995077933,21.520371889526935,16.078753076292042
Census tract,Tract 1703,17031170300,5216,2.163127604683469,18.158364754911688,17.66223457035126
Census tract,Tract 1704,17031170400,4141,2.6747413575574064,17.36058541508958,14.736310875599292
Census tract,Tract 1705,17031170500,5316,4.26,23.200000000000003,16.520000000000003
Census tract,Tract 1706,17031170600,2551,5.027279812938425,21.31722525331255,22.213561964146532
Census tract,Tract 1707,17031170700,3068,4.975579975579976,21.001221001221,16.3003663003663
Census tract,Tract 1708,17031170800,3799,3.386454183266932,19.173306772908365,17.62948207171315
Census tract,Tract 1709,17031170900,1662,8.37669094693028,16.701352757544225,17.16961498439126
Census tract,Tract 1710,17031171000,7313,3.777494421421741,20.417596429709914,14.233343959196684
Census tract,Tract 1711,17031171100,4235,2.9922779922779923,22.417953667953668,12.620656370656372
Census tract,Tract 1801,17031180100,6656,6.763636363636364,24.130909090909093,12.087272727272728
Census tract,Tract 1901,17031190100,2325,5.118601747815231,21.722846441947567,14.31543903454016
Census tract,Tract 1902,17031190200,5652,9.090909090909092,23.778897966278464,10.811750391100295
Census tract,Tract 1903,17031190300,5738,5.009805669459796,18.523801034052415,16.580495632019968
Census tract,Tract 1904.01,17031190401,4325,5.1916545366327025,19.45657447840854,7.836001940805434
Census tract,Tract 1904.02,17031190402,5294,1.827454313642159,21.164470888227793,13.110922226944329
Census tract,Tract 1906.01,17031190601,4382,2.166420482520926,19.27621861152142,10.142786804529788
Census tract,Tract 1906.02,17031190602,5378,8.010241404535478,24.890270665691293,16.843452816386247
Census tract,Tract 1907.01,17031190701,2972,7.816610296880872,26.64411875234874,11.461856444945507
Census tract,Tract 1907.02,17031190702,4952,8.283772302463891,26.805437553101104,15.781648258283774
Census tract,Tract 1908,17031190800,6831,4.758141005374644,21.134998419222256,15.53904521024344
Census tract,Tract 1909,17031190900,1927,8.953488372093023,25.406976744186043,19.593023255813954
Census tract,Tract 1910,17031191000,2422,4.594820384294068,23.767752715121137,16.499582289055972
Census tract,Tract 1911,17031191100,7533,6.243050039714059,33.80460683081811,10.579825258141382
Census tract,Tract 1912,17031191200,3810,9.928324926997613,31.802495354393415,11.945845500398194
Census tract,Tract 1913.01,17031191301,5214,7.121424284856971,27.745549109821965,18.54370874174835
Census tract,Tract 1913.02,17031191302,4940,6.950067476383266,25.68600989653621,12.550607287449392
Census tract,Tract 2001,17031200100,4118,6.022144207399406,25.51984877126654,14.501755333513366
Census tract,Tract 2002,17031200200,5162,6.452309020284851,20.26327147173069,14.587829089339662
Census tract,Tract 2003,17031200300,2015,8.5667215815486,21.526633717737507,7.303679297089512
Census tract,Tract 2004.01,17031200401,3743,6.944897293772416,29.964134333224653,12.781219432670362
Census tract,Tract 2004.02,17031200402,4192,3.861871679607683,25.991009399264403,8.071107478545157
Census tract,Tract 2101,17031210100,4066,4.2708824917413875,13.78008494572912,6.394525719679094
Census tract,Tract 2104,17031210400,2912,5.103148751357221,26.203402099167572,8.070937386898299
Census tract,Tract 2105.01,17031210501,3555,10.305614783226725,12.79317697228145,7.1783937455579245
Census tract,Tract 2105.02,17031210502,4099,5.8118081180811805,18.657749077490777,6.25
Census tract,Tract 2106.01,17031210601,2717,1.4581734458940905,13.43054489639294,12.509593246354566
Census tract,Tract 2106.02,17031210602,4148,6.071344200330735,21.119773210489015,6.472950626033545
Census tract,Tract 2107,17031210700,3907,5.967302452316076,19.89100817438692,7.79291553133515
Census tract,Tract 2108,17031210800,986,5.550329256820319,16.745061147695203,5.456255879586077
Census tract,Tract 2109,17031210900,3170,3.063308373042886,13.138189244383936,9.76855003403676
Census tract,Tract 2203,17031220300,2207,8.192090395480225,12.476459510357817,9.274952919020716
Census tract,Tract 2204,17031220400,2579,6.331045003813883,16.056445461479786,15.636918382913803
Census tract,Tract 2205,17031220500,2751,5.279187817258883,13.468697123519458,11.235194585448392
Census tract,Tract 2206.01,17031220601,1635,5.10688836104513,16.389548693586697,7.660332541567697
Census tract,Tract 2206.02,17031220602,4877,6.048935206162211,12.233801540552786,11.191662890801997
Census tract,Tract 2207.01,17031220701,2920,1.7061281337047354,13.126740947075207,6.65041782729805
Census tract,Tract 2207.02,17031220702,3653,5.96078431372549,18.58823529411765,6.692810457516341
Census tract,Tract 2209.01,17031220901,2903,4.478656403079076,17.73967809657103,10.811756473058082
Census tract,Tract 2209.02,17031220902,2959,9.16296766011414,25.237793278376664,7.83132530120482
Census tract,Tract 2210,17031221000,2432,2.5186934277843367,10.783156237701691,2.95159386068477
Census tract,Tract 2211,17031221100,4440,2.674897119341564,8.664837677183357,13.511659807956104
Census tract,Tract 2212,17031221200,2954,6.376262626262625,21.306818181818183,5.334595959595959
Census tract,Tract 2213,17031221300,3062,5.7348901098901095,13.53021978021978,10.4739010989011
Census tract,Tract 2214,17031221400,3385,5.590682196339435,11.480865224625624,5.757071547420965
Census tract,Tract 2215,17031221500,2909,5.561348627042058,18.1091414668057,15.53701772679875
Census tract,Tract 2216,17031221600,3159,10.526315789473683,20.708020050125313,7.268170426065162
Census tract,Tract 2222,17031222200,2156,7.100320659642693,20.93449381584975,3.618873110398534
Census tract,Tract 2225,17031222500,1415,12.372634643377005,22.12518195050946,4.585152838427948
Census tract,Tract 2226,17031222600,1599,3.4149484536082473,15.077319587628866,5.927835051546391
Census tract,Tract 2227,17031222700,2082,5.518867924528302,24.056603773584907,7.311320754716981
Census tract,Tract 2228,17031222800,960,7.255520504731862,18.29652996845426,5.467928496319663
Census tract,Tract 2229,17031222900,1089,1.893939393939394,21.21212121212121,4.356060606060606
Census tract,Tract 2301,17031230100,1504,7.142857142857142,13.948787061994608,4.919137466307277
Census tract,Tract 2302,17031230200,1834,8.908803373748023,18.555614127569847,5.060622034791776
Census tract,Tract 2303,17031230300,956,8.383233532934131,29.540918163672657,6.786427145708583
Census tract,Tract 2304,17031230400,2235,8.975521305530371,23.662737987307345,9.474161378059836
Census tract,Tract 2305,17031230500,3419,9.374064091045224,23.89937106918239,13.35729260257562
Census tract,Tract 2306,17031230600,6817,5.822206183086732,32.731865752435944,5.77408877661494
Census tract,Tract 2307,17031230700,6218,9.933554817275748,40.11627906976744,8.704318936877078
Census tract,Tract 2308,17031230800,1234,4.990757855822551,17.375231053604438,7.486136783733826
Census tract,Tract 2309,17031230900,5044,6.659793814432989,19.298969072164947,9.958762886597938
Census tract,Tract 2311,17031231100,1214,10.16611295681063,36.34551495016611,10.69767441860465
Census tract,Tract 2312,17031231200,5983,9.349236975969127,33.41519031748816,13.962462725837572
Census tract,Tract 2315,17031231500,5655,12.82548924470322,32.233543587255376,8.151382823871907
Census tract,Tract 2402,17031240200,1556,6.530825496342738,16.24869383490073,15.517241379310343
Census tract,Tract 2403,17031240300,1362,8.449612403100776,18.68217054263566,8.604651162790699
Census tract,Tract 2405,17031240500,2610,9.489344591877764,11.057498994772818,3.1363088057901085
Census tract,Tract 2406,17031240600,1489,5.898566703417861,20.286659316427784,4.410143329658213
Census tract,Tract 2407,17031240700,1499,9.505703422053232,18.06083650190114,8.808618504435994
Census tract,Tract 2408,17031240800,1687,7.183725365543547,18.118245390972664,4.513668150031786
Census tract,Tract 2409,17031240900,1122,9.892086330935252,19.33453237410072,11.690647482014388
Census tract,Tract 2410,17031241000,2363,0.2209944751381215,10.883977900552486,12.486187845303869
Census tract,Tract 2411,17031241100,3574,2.199710564399421,9.088277858176555,7.004341534008683
Census tract,Tract 2412,17031241200,1714,4.038004750593824,7.1258907363420425,8.31353919239905
Census tract,Tract 2413,17031241300,1848,8.53850183342064,18.124672603457302,8.590885280251442
Census tract,Tract 2414,17031241400,5273,7.444463286416822,12.090893674749871,5.833474648126166
Census tract,Tract 2415,17031241500,2954,5.4646840148698885,9.479553903345725,1.3011152416356877
Census tract,Tract 2416,17031241600,3534,2.1094640820980617,6.413911060433295,1.5393386545039909
Census tract,Tract 2420,17031242000,4692,7.555066079295155,10.748898678414095,15.572687224669604
Census tract,Tract 2421,17031242100,3976,8.183006535947712,11.450980392156865,2.4052287581699345
Census tract,Tract 2422,17031242200,4082,8.058968058968059,12.506142506142506,2.727272727272727
Census tract,Tract 2423,17031242300,3568,8.600125549278092,14.500941619585689,10.64030131826742
Census tract,Tract 2424,17031242400,2902,4.2412818096135725,9.393653785736726,6.786050895381715
Census tract,Tract 2425,17031242500,3426,2.19021902190219,11.25112511251125,6.0906090609060906
Census tract,Tract 2426,17031242600,5665,3.60680246682863,15.436367034199211,12.85740982993833
Census tract,Tract 2427,17031242700,1938,5.474452554744526,19.08237747653806,7.090719499478623
Census tract,Tract 2428,17031242800,1507,7.506702412868632,15.750670241286862,9.785522788203751
Census tract,Tract 2429,17031242900,1962,6.033578174186779,14.270724029380904,2.8331584470094437
Census tract,Tract 2430,17031243000,2234,4.571682201509099,11.673324456280517,10.031069684864626
Census tract,Tract 2431,17031243100,2249,4.201680672268908,16.246498599439775,11.11111111111111
Census tract,Tract 2432,17031243200,2287,6.852791878172589,16.159052453468696,3.3840947546531304
Census tract,Tract 2433,17031243300,2431,6.775067750677506,8.401084010840108,1.084010840108401
Census tract,Tract 2434,17031243400,2880,2.9637029637029637,7.858807858807859,7.892107892107893
Census tract,Tract 2435,17031243500,4746,6.043956043956044,10.329670329670328,2.8351648351648353
Census tract,Tract 2502,17031250200,2779,5.947388486465878,24.323293938238656,11.589782691574534
Census tract,Tract 2503,17031250300,4742,2.0483408439164275,23.84268742318722,16.878328553871363
Census tract,Tract 2504,17031250400,5789,3.338119167264896,18.610911701363964,18.377602297200287
Census tract,Tract 2505,17031250500,7315,6.157733741188988,22.7423859555792,12.315467482377976
Census tract,Tract 2506,17031250600,4203,3.932061423918101,24.429967426710096,16.472778036295953
Census tract,Tract 2507,17031250700,5932,7.035014455509154,23.755220044972695,12.495984580790234
Census tract,Tract 2508,17031250800,2432,4.538745387453875,21.070110701107012,12.546125461254611
Census tract,Tract 2510,17031251000,1075,4.328018223234624,26.42369020501139,10.858010630220196
Census tract,Tract 2511,17031251100,4468,4.919857524487979,27.226179875333926,20.43633125556545
Census tract,Tract 2512,17031251200,3910,5.950141110065851,17.191909689557853,18.0620884289746
Census tract,Tract 2513,17031251300,5098,4.592496765847348,20.871065114273392,18.30530401034929
Census tract,Tract 2514,17031251400,3986,2.2330988069746103,11.74671153257877,37.99327011318446
Census tract,Tract 2515,17031251500,4342,6.0318161732213875,25.386654882898807,10.075121520106054
Census tract,Tract 2516,17031251600,3522,12.132186509732913,34.51788139429606,11.36260751471254
Census tract,Tract 2517,17031251700,1347,4.461279461279461,19.444444444444446,18.434343434343432
Census tract,Tract 2518,17031251800,5101,12.568693494061336,30.20741003368197,11.540507002304556
Census tract,Tract 2519,17031251900,5387,5.7329598506069095,23.64145658263305,9.673202614379086
Census tract,Tract 2520,17031252000,5646,7.413167444271643,27.682737169517885,14.670813893208916
Census tract,Tract 2521.01,17031252101,1502,4.6182266009852215,16.133004926108374,19.15024630541872
Census tract,Tract 2521.02,17031252102,6187,7.88829005389515,25.820676139147476,12.526539278131636
Census tract,Tract 2522.01,17031252201,2940,4.037558685446009,21.314553990610328,18.87323943661972
Census tract,Tract 2522.02,17031252202,4783,11.30952380952381,33.497536945812804,10.775862068965516
Census tract,Tract 2601,17031260100,1477,4.279475982532751,15.19650655021834,25.589519650655024
Census tract,Tract 2602,17031260200,1054,4.081632653061225,21.036106750392463,12.637362637362637
Census tract,Tract 2603,17031260300,1528,7.987616099071207,30.030959752321984,7.61609907120743
Census tract,Tract 2604,17031260400,1398,6.738715829624921,32.48569612205976,11.888111888111888
Census tract,Tract 2605,17031260500,1833,0.8155583437892095,23.400250941028855,17.75407779171895
Census tract,Tract 2606,17031260600,2114,6.004728132387707,25.81560283687943,13.947990543735225
Census tract,Tract 2607,17031260700,1691,0.0,17.598684210526315,18.585526315789476
Census tract,Tract 2608,17031260800,2271,8.529741863075197,28.33894500561167,12.00897867564534
Census tract,Tract 2609,17031260900,1778,3.270223752151463,17.64199655765921,15.920826161790016
Census tract,Tract 2610,17031261000,2289,3.453103126458236,19.87867475501633,13.019132057862809
Census tract,Tract 2705,17031270500,1619,12.473423104181432,36.28632175761871,20.198440822111976
Census tract,Tract 2712,17031271200,1172,6.069578090303479,19.91117690599556,13.91561806069578
Census tract,Tract 2713,17031271300,1060,0.0,13.750000000000002,15.0
Census tract,Tract 2714,17031271400,1535,3.735823882588393,27.751834556370913,10.00667111407605
Census tract,Tract 2715,17031271500,1373,4.488448844884489,19.537953795379536,9.372937293729374
Census tract,Tract 2718,17031271800,976,6.809583858764187,24.968474148802017,10.592686002522068
Census tract,Tract 2801,17031280100,7421,2.440574551925766,4.4998093301131314,4.20744883691369
Census tract,Tract 2804,17031280400,1231,1.1829652996845426,23.264984227129336,23.974763406940063
Census tract,Tract 2808,17031280800,1198,2.5096525096525095,29.82625482625483,9.45945945945946
Census tract,Tract 2809,17031280900,1077,6.564364876385337,25.234441602728047,7.587382779198635
Census tract,Tract 2819,17031281900,7031,4.784617677746311,7.542107616634372,2.056938440900283
Census tract,Tract 2827,17031282700,2558,2.0711391265195855,13.95767672219721,10.355695632597929
Census tract,Tract 2828,17031282800,1634,0.2995805871779509,19.5326542840024,4.134212103055722
Census tract,Tract 2831,17031283100,2717,2.272727272727273,4.843517138599106,13.822652757078988
Census tract,Tract 2832,17031283200,1670,5.447470817120623,21.345191773207336,1.9455252918287935
Census tract,Tract 2838,17031283800,3343,11.083123425692696,22.865938986845787,7.83655191715645
Census tract,Tract 2909,17031290900,3975,6.772908366533864,26.224513709866415,9.022732599015702
Census tract,Tract 2912,17031291200,2286,0.8485639686684074,18.864229765013057,11.684073107049608
Census tract,Tract 2916,17031291600,874,3.643724696356275,20.647773279352226,16.12685560053981
Census tract,Tract 2922,17031292200,2942,7.475884244372991,21.784565916398712,8.80225080385852
Census tract,Tract 2924,17031292400,2041,8.617795187465026,22.887520984890877,12.367095691102406
Census tract,Tract 2925,17031292500,4057,5.072463768115942,22.028985507246375,14.028985507246375
Census tract,Tract 3005,17031300500,3243,5.855206230170176,20.79607730025959,13.037207960773005
Census tract,Tract 3006,17031300600,3253,8.602890571231935,26.841018582243635,12.801101169993116
Census tract,Tract 3007,17031300700,4798,4.146697228589289,21.92123359033132,8.939362367159825
Census tract,Tract 3008,17031300800,4136,10.342350969595405,35.982762748384005,9.69595403399569
Census tract,Tract 3009,17031300900,4553,5.991902834008097,21.91632928475034,24.291497975708506
Census tract,Tract 3011,17031301100,2323,6.275468622656886,25.75387123064385,9.453952730236349
Census tract,Tract 3012,17031301200,4087,3.465245027680951,19.84826737748616,6.684437153988107
Census tract,Tract 3016,17031301600,4995,4.941108876759552,19.47716173513358,29.38810686584315
Census tract,Tract 3017.01,17031301701,4279,3.287736981041517,17.998560115190784,21.790256779457643
Census tract,Tract 3017.02,17031301702,4121,10.59694585839889,32.20731142989357,8.90791300323924
Census tract,Tract 3018.01,17031301801,3947,10.025235145675614,25.602202339986235,15.9210828171599
Census tract,Tract 3018.02,17031301802,3376,5.820955439582496,25.25090325170614,21.356884785226818
Census tract,Tract 3018.03,17031301803,5107,5.943627450980392,18.259803921568626,27.14460784313725
Census tract,Tract 3102,17031310200,1588,3.7081339712918657,9.748803827751196,7.954545454545454
Census tract,Tract 3103,17031310300,1767,6.121281464530892,20.194508009153317,12.185354691075515
Census tract,Tract 3104,17031310400,1375,2.8727770177838576,17.30506155950752,6.976744186046512
Census tract,Tract 3105,17031310500,1399,3.829787234042553,19.027355623100306,11.793313069908814
Census tract,Tract 3106,17031310600,5498,3.3294392523364484,14.018691588785046,16.335669781931465
Census tract,Tract 3107,17031310700,1700,5.041436464088398,18.646408839779006,7.113259668508287
Census tract,Tract 3108,17031310800,4175,2.3986958546809505,18.0018630647415,8.663251047973917
Census tract,Tract 3109,17031310900,4781,1.6765285996055226,22.30769230769231,14.694280078895464
Census tract,Tract 3201.01,17031320101,9532,3.040834057341442,8.210251954821894,21.20981754995656
Census tract,Tract 3201.02,17031320102,4846,5.121951219512195,11.106941838649156,3.883677298311445
Census tract,Tract 3204,17031320400,2856,0.245926836766062,1.844451275745466,11.005225945281278
Census tract,Tract 3206,17031320600,6395,3.611477572559367,6.101583113456464,9.976912928759894
Census tract,Tract 3301.01,17031330101,4592,2.9644268774703555,12.4901185770751,14.1699604743083
Census tract,Tract 3301.02,17031330102,10811,5.227588948519181,10.20671834625323,14.40071556350626
Census tract,Tract 3301.03,17031330103,8248,4.530561518472489,9.343576996949498,6.564230030505028
Census tract,Tract 3302,17031330200,4008,8.424182358771061,25.569871159563924,15.0396432111001
Census tract,Tract 3403,17031340300,1865,9.023415191319248,19.53169617361507,29.18332381496288
Census tract,Tract 3404,17031340400,1844,4.622586307782329,18.49034523112931,21.70860152135752
Census tract,Tract 3405,17031340500,1629,1.921884686918785,8.245505269683818,40.545567265964046
Census tract,Tract 3406,17031340600,1151,7.739307535641547,37.54243041412085,8.757637474541752
Census tract,Tract 3501,17031350100,2228,2.1823850350740455,2.1823850350740455,7.79423226812159
Census tract,Tract 3504,17031350400,1512,8.359133126934983,37.27554179566563,5.077399380804954
Census tract,Tract 3510,17031351000,3640,5.896043444530644,8.223429014740109,17.17093354021205
Census tract,Tract 3511,17031351100,2038,9.395348837209305,40.88372093023256,6.511627906976744
Census tract,Tract 3514,17031351400,1392,3.3495736906211935,17.113276492082825,10.90133982947625
Census tract,Tract 3515,17031351500,823,4.585152838427948,19.868995633187772,6.331877729257641
Census tract,Tract 3602,17031360200,1651,7.226980728051393,39.50749464668094,9.903640256959315
Census tract,Tract 3801,17031380100,2207,2.689873417721519,12.130801687763713,18.723628691983123
Census tract,Tract 3802,17031380200,2408,1.9466073414905452,13.070077864293658,44.048943270300335
Census tract,Tract 3806,17031380600,3947,14.13292589763178,24.86631016042781,13.579067990832696
Census tract,Tract 3812,17031381200,2077,8.575581395348838,17.151162790697676,11.918604651162791
Census tract,Tract 3814,17031381400,1796,3.653506187389511,21.921037124337065,7.837360047142015
Census tract,Tract 3815,17031381500,667,1.7647058823529411,19.264705882352946,35.73529411764706
Census tract,Tract 3818,17031381800,1462,4.689564068692206,20.871862615587848,8.45442536327609
Census tract,Tract 3819,17031381900,1106,3.4134988363072147,22.265321955003877,13.343677269200931
Census tract,Tract 3901,17031390100,1553,9.78941377347752,26.124075128059193,8.708025042686398
Census tract,Tract 3902,17031390200,1883,5.40045766590389,28.97025171624714,12.311212814645309
Census tract,Tract 3903,17031390300,2617,5.210420841683367,15.230460921843688,20.64128256513026
Census tract,Tract 3904,17031390400,2871,4.3698790479906355,23.371049551307063,21.420210690596956
Census tract,Tract 3905,17031390500,1666,8.151210868281158,17.66095688127584,13.939751919669227
Census tract,Tract 3906,17031390600,1994,3.335155822854018,20.33898305084746,15.746309458720612
Census tract,Tract 3907,17031390700,6532,3.400997150997151,13.425925925925927,26.51353276353277
Census tract,Tract 4003,17031400300,1504,6.816421378776143,23.00542215336948,9.295120061967468
Census tract,Tract 4004,17031400400,1995,8.715596330275229,31.702344546381244,10.295616717635063
Census tract,Tract 4005,17031400500,2372,7.63385146804836,39.72366148531952,5.837651122625216
Census tract,Tract 4008,17031400800,3178,9.515366430260046,33.92434988179669,4.846335697399527
Census tract,Tract 4101,17031410100,2272,3.64963503649635,8.166058394160585,16.697080291970803
Census tract,Tract 4102,17031410200,1165,4.4079515989628355,9.939498703543649,5.2722558340535866
Census tract,Tract 4105,17031410500,2922,4.071013161922253,23.56902356902357,8.509335782063054
Census tract,Tract 4106,17031410600,2371,1.1774600504625736,10.09251471825063,9.293523969722456
Census tract,Tract 4107,17031410700,2399,2.2112085398398778,13.19100266869996,8.921082729698817
Census tract,Tract 4108,17031410800,2993,3.8656069364161847,11.091040462427744,8.634393063583815
Census tract,Tract 4109,17031410900,3670,2.846299810246679,11.33098400650583,18.270534020059635
Census tract,Tract 4110,17031411000,3902,4.319921007158727,14.95926931621822,30.708467045174032
Census tract,Tract 4111,17031411100,2379,2.821180555555556,19.270833333333336,16.319444444444446
Census tract,Tract 4112,17031411200,1713,5.174488567990373,18.592057761732853,24.729241877256317
Census tract,Tract 4201,17031420100,1642,1.7654476670870116,13.68221941992434,19.230769230769234
Census tract,Tract 4202,17031420200,1781,4.522357723577236,31.656504065040657,11.483739837398376
Census tract,Tract 4203,17031420300,2818,2.320846905537459,9.324104234527688,7.32899022801303
Census tract,Tract 4204,17031420400,1544,6.934812760055478,21.63661581137309,14.424410540915394
Census tract,Tract 4205,17031420500,2053,1.188707280832095,16.146607231302625,28.47944526993561
Census tract,Tract 4206,17031420600,2524,10.888030888030888,28.06949806949807,11.66023166023166
Census tract,Tract 4207,17031420700,3021,6.178586542530681,25.81464240372408,10.283537875581889
Census tract,Tract 4208,17031420800,2457,6.5054945054945055,18.857142857142858,16.17582417582418
Census tract,Tract 4212,17031421200,1405,2.4664879356568368,15.978552278820375,11.367292225201073
Census tract,Tract 4301.01,17031430101,4091,6.771241830065359,23.00653594771242,10.248366013071896
Census tract,Tract 4301.02,17031430102,3104,2.369077306733167,5.548628428927681,25.249376558603498
Census tract,Tract 4302,17031430200,5086,4.008561977038334,23.21463319712006,17.338003502626968
Census tract,Tract 4303,17031430300,2558,6.882286573899962,32.68145919518616,7.484016547574276
Census tract,Tract 4304,17031430400,3031,4.236718224613315,22.528581035642233,13.718897108271689
Census tract,Tract 4305,17031430500,4098,3.15,23.375,16.35
Census tract,Tract 4306,17031430600,1670,9.432048681541582,26.16632860040568,17.59634888438134
Census tract,Tract 4307,17031430700,2175,5.664488017429194,15.163398692810455,14.37908496732026
Census tract,Tract 4308,17031430800,1862,3.953610964681075,12.4934106483922,24.248813916710596
Census tract,Tract 4309,17031430900,1797,9.967637540453074,17.0873786407767,21.488673139158575
Census tract,Tract 4312,17031431200,2898,2.1982259930582337,8.98573081372927,27.57423833397609
Census tract,Tract 4313.01,17031431301,3590,7.060091619509566,26.596604688763136,7.787658313123147
Census tract,Tract 4313.02,17031431302,4351,14.062913031985197,32.56674596880782,9.621993127147768
Census tract,Tract 4314,17031431400,6716,10.873413986426677,23.281203894954263,17.95514901150782
Census tract,Tract 4401.01,17031440101,4171,4.213694507148231,8.477552044143465,14.446952595936793
Census tract,Tract 4401.02,17031440102,3633,4.829283297446939,13.7188557366964,13.318978775761304
Census tract,Tract 4402.01,17031440201,5054,4.105775922059847,21.781489213639528,13.761308281141266
Census tract,Tract 4402.02,17031440202,3525,6.048053024026512,16.570008285004143,32.27009113504557
Census tract,Tract 4403,17031440300,4677,1.869359690588741,15.384615384615383,17.855608079071768
Census tract,Tract 4406,17031440600,1996,3.0510585305105855,19.302615193026153,24.346201743462014
Census tract,Tract 4407,17031440700,1497,3.0240549828178693,30.378006872852232,14.295532646048107
Census tract,Tract 4408,17031440800,1620,2.118171683389075,20.45707915273133,15.496098104793758
Census tract,Tract 4409,17031440900,2462,10.876249039200616,31.59108378170638,26.018447348193696
Census tract,Tract 4503,17031450300,3252,4.942493005906123,18.029219769972023,24.49487099782406
Census tract,Tract 4601,17031460100,2840,0.0,21.663201663201665,14.760914760914762
Census tract,Tract 4602,17031460200,1948,4.566635601118359,26.281453867660765,19.478098788443617
Census tract,Tract 4603.01,17031460301,2987,8.198924731182796,18.212365591397848,18.548387096774192
Census tract,Tract 4603.02,17031460302,3282,7.023060796645702,28.11844863731656,9.669811320754718
Census tract,Tract 4604,17031460400,3411,9.574468085106384,24.012158054711247,13.779128672745694
Census tract,Tract 4605,17031460500,5400,2.7960819234194125,16.70525378450579,24.203027604630453
Census tract,Tract 4608,17031460800,3639,7.899231426131512,43.29632792485055,8.795900939368062
Census tract,Tract 4610,17031461000,1460,3.96039603960396,11.55115511551155,43.39933993399339
Census tract,Tract 4701,17031470100,2527,6.424581005586592,23.13780260707635,29.236499068901303
Census tract,Tract 4801,17031480100,2001,4.76417341591234,23.773225345402572,20.867079561696045
Census tract,Tract 4802,17031480200,1103,7.107601184600197,19.2497532082922,31.688055281342542
Census tract,Tract 4803,17031480300,1348,3.9180765805877114,19.056099732858417,19.85752448797863
Census tract,Tract 4804,17031480400,5650,4.435746901500326,14.41617742987606,33.92041748206132
Census tract,Tract 4805,17031480500,2986,6.545713269299182,26.716471006759164,33.83137673425827
Census tract,Tract 4902,17031490200,3040,5.247907276239537,17.03155183515776,16.613007083065035
Census tract,Tract 4905,17031490500,1995,0.0,4.323094425483505,31.00113765642776
Census tract,Tract 4906,17031490600,1443,6.259426847662142,24.057315233785825,23.604826546003014
Census tract,Tract 4907,17031490700,2656,13.011314186248912,27.328111401218457,18.5378590078329
Census tract,Tract 4908,17031490800,3502,0.8828722778104767,16.53914067098293,17.451442024720425
Census tract,Tract 4909.01,17031490901,3403,4.205974842767295,19.418238993710695,20.91194968553459
Census tract,Tract 4909.02,17031490902,4647,8.452181208053691,22.31543624161074,24.391778523489933
Census tract,Tract 4910,17031491000,3807,7.634228187919463,27.125279642058164,13.702460850111857
Census tract,Tract 4911,17031491100,4079,4.151580979966208,18.995896693217475,20.87859039343471
Census tract,Tract 4912,17031491200,2019,4.214780600461894,14.434180138568127,32.90993071593534
Census tract,Tract 4913,17031491300,2023,5.569007263922518,26.00484261501211,16.077481840193705
Census tract,Tract 4914,17031491400,2593,1.7227564102564104,21.71474358974359,17.78846153846154
Census tract,Tract 5001,17031500100,3545,0.8153946510110893,15.264187866927593,24.46183953033268
Census tract,Tract 5002,17031500200,1688,5.316863587540279,34.74758324382384,9.45220193340494
Census tract,Tract 5003,17031500300,1587,8.439051296194153,19.74627688913403,20.187534473248757
Census tract,Tract 5101,17031510100,3231,3.4435638152500685,25.334790926482647,15.332057939327685
Census tract,Tract 5102,17031510200,2922,2.517527087316762,17.049075844486936,23.29509241555131
Census tract,Tract 5103,17031510300,4850,3.8679031893236826,19.068084143858854,19.000226193168967
Census tract,Tract 5201,17031520100,1745,8.248423095584666,35.37117903930131,11.741872877244056
Census tract,Tract 5202,17031520200,3338,2.2022332506203472,24.937965260545905,9.522332506203474
Census tract,Tract 5203,17031520300,5675,8.853386586786486,23.44816109169579,10.634048926610085
Census tract,Tract 5204,17031520400,4055,1.5779620219309978,29.84755282161006,12.998127841668897
Census tract,Tract 5205,17031520500,4420,10.089424572317265,26.92457231726283,12.325038880248837
Census tract,Tract 5206,17031520600,2530,6.918960244648319,33.52446483180428,12.614678899082568
Census tract,Tract 5301,17031530100,2197,6.996770721205597,19.429494079655544,20.990312163616792
Census tract,Tract 5302,17031530200,4128,3.135717785399314,23.419892209701125,19.8187163155316
Census tract,Tract 5303,17031530300,3964,1.3009540329575022,22.78115062156693,20.526163631107256
Census tract,Tract 5304,17031530400,2059,3.243704652155356,28.979940247545883,13.529662825437477
Census tract,Tract 5305.01,17031530501,4514,11.445063694267516,25.119426751592357,12.380573248407645
Census tract,Tract 5305.02,17031530502,1570,0.933237616654702,18.018664752333095,18.592964824120603
Census tract,Tract 5305.03,17031530503,4898,4.086538461538462,21.586538461538463,19.87980769230769
Census tract,Tract 5306,17031530600,2774,3.8586703858670384,12.691771269177126,18.224081822408184
Census tract,Tract 5401.01,17031540101,4324,10.027369992535457,39.238616571286386,4.080617068922618
Census tract,Tract 5401.02,17031540102,2938,6.056297981234006,43.645152118282624,7.53483082172306
Census tract,Tract 5501,17031550100,7019,5.167173252279635,22.86034234522476,18.58902575587906
Census tract,Tract 5502,17031550200,2969,1.875,25.36764705882353,14.007352941176473
Census tract,Tract 5601,17031560100,1477,0.0,20.0,24.88
Census tract,Tract 5602,17031560200,1710,14.022578728461085,29.292929292929298,15.32976827094474
Census tract,Tract 5603,17031560300,3253,5.3250956163577525,24.97793468667255,19.593998234774933
Census tract,Tract 5604,17031560400,1630,4.078947368421053,22.697368421052634,25.460526315789473
Census tract,Tract 5607,17031560700,3635,8.628779979144943,27.267987486965588,9.045881126173096
Census tract,Tract 5608,17031560800,5682,4.275251234883324,28.325668540282745,10.78180889115994
Census tract,Tract 5609,17031560900,5112,7.05078125,21.2109375,18.8671875
Census tract,Tract 5610,17031561000,5308,1.3045747086449817,13.132718733692816,18.194468603235343
Census tract,Tract 5611,17031561100,5581,5.3379549393414205,24.731369150779894,17.261698440207972
Census tract,Tract 5701,17031570100,1316,2.503681885125184,20.029455081001473,11.70839469808542
Census tract,Tract 5702,17031570200,2096,3.266090297790586,19.404418828049952,19.596541786743515
Census tract,Tract 5703,17031570300,6376,3.2667876588021776,27.932684375515592,12.440191387559809
Census tract,Tract 5704,17031570400,1769,2.130044843049327,20.067264573991032,17.656950672645742
Census tract,Tract 5705,17031570500,2639,6.505847953216374,23.09941520467836,13.121345029239768
Census tract,Tract 5801,17031580100,3228,5.433318365514145,19.17377638078132,12.707678491243826
Census tract,Tract 5802,17031580200,3466,8.658146964856229,31.56549520766773,10.73482428115016
Census tract,Tract 5803,17031580300,2577,5.627344726969571,22.59274697790746,5.418924551896623
Census tract,Tract 5804,17031580400,4546,4.862579281183932,22.15644820295983,8.414376321353066
Census tract,Tract 5805.01,17031580501,5170,4.3316560927586965,22.598993655655217,13.016845329249618
Census tract,Tract 5805.02,17031580502,5345,7.001760219049482,25.933893995697243,9.720320751026794
Census tract,Tract 5806,17031580600,5405,4.890797087922345,22.960612282994212,10.882956878850102
Census tract,Tract 5807,17031580700,5621,5.051384776171399,26.70266504093364,10.904023689252744
Census tract,Tract 5808,17031580800,2058,0.0,17.253521126760564,7.89738430583501
Census tract,Tract 5905,17031590500,1854,4.97131931166348,15.933715742511154,9.81516889738687
Census tract,Tract 5906,17031590600,3477,1.8186680930730144,16.474993313720248,9.708478202728005
Census tract,Tract 5907,17031590700,3027,5.718475073313782,19.09824046920821,10.813782991202348
Census tract,Tract 6004,17031600400,4297,0.9869232667160128,16.21021465581051,18.35677276091784
Census tract,Tract 6006,17031600600,2988,3.850425768233987,17.882265827471308,13.957793409848204
Census tract,Tract 6007,17031600700,2591,6.826269815593659,19.087673891944355,10.837916531866709
Census tract,Tract 6009,17031600900,3682,2.7544596012591813,13.614900314795385,17.20881427072403
Census tract,Tract 6103,17031610300,5410,3.987446926342994,29.998153959756323,6.055011999261584
Census tract,Tract 6104,17031610400,2029,9.390363815142576,32.25172074729597,10.570304818092428
Census tract,Tract 6108,17031610800,1512,7.569974554707379,23.091603053435115,10.814249363867685
Census tract,Tract 6112,17031611200,2680,5.4694229112833765,23.729543496985357,7.795004306632213
Census tract,Tract 6113,17031611300,3668,5.074292122231567,29.015979814970567,18.166526492851133
Census tract,Tract 6114,17031611400,3737,6.879918761106881,33.155623254633156,6.803757298806803
Census tract,Tract 6115,17031611500,3587,9.17251051893408,31.893408134642353,12.6507713884993
Census tract,Tract 6116,17031611600,1921,14.55788959452858,39.86321446018564,7.962872496336101
Census tract,Tract 6117,17031611700,2180,3.759011328527292,22.502574665293512,6.745623069001031
Census tract,Tract 6118,17031611800,2205,6.160458452722064,22.636103151862464,19.197707736389685
Census tract,Tract 6119,17031611900,1984,2.8671737858396726,28.26214160327677,8.07489760093622
Census tract,Tract 6120,17031612000,1448,0.0,7.368421052631578,10.43859649122807
Census tract,Tract 6121,17031612100,1168,3.462050599201065,19.44074567243675,26.36484687083888
Census tract,Tract 6122,17031612200,3939,10.38659793814433,36.08247422680412,5.9020618556701026
Census tract,Tract 6201,17031620100,4567,8.794215360562829,25.444596443228455,6.624975571623998
Census tract,Tract 6202,17031620200,2390,9.270516717325227,21.88449848024316,21.428571428571427
Census tract,Tract 6203,17031620300,6410,5.601364799545067,25.149274950241683,15.112311629229458
Census tract,Tract 6204,17031620400,5027,1.7330632455548052,27.14382174206617,15.102408282691876
Census tract,Tract 6303,17031630300,5385,4.50112528132033,23.74343585896474,12.659414853713429
Census tract,Tract 6304,17031630400,7204,2.003129890453834,23.051643192488264,13.051643192488264
Census tract,Tract 6305,17031630500,6271,8.359966358284272,27.956265769554246,8.780487804878048
Census tract,Tract 6306,17031630600,3250,8.98876404494382,28.887277999275103,13.120695904313155
Census tract,Tract 6308,17031630800,6641,3.48420709866493,22.74503419081732,11.413220449365028
Census tract,Tract 6309,17031630900,5204,4.556200300881152,24.134966688158176,18.934021061680635
Census tract,Tract 6401,17031640100,1312,6.934058463630184,21.617946974847044,15.49966009517335
Census tract,Tract 6403,17031640300,6710,4.194977843426884,28.81831610044313,13.308714918759232
Census tract,Tract 6404,17031640400,3390,7.336713390993141,24.12764688338801,14.19624217118998
Census tract,Tract 6405,17031640500,3896,5.189812590100913,20.422873618452662,13.47909658817876
Census tract,Tract 6406,17031640600,4063,9.550945976749489,27.30795532254388,12.26350581262822
Census tract,Tract 6407,17031640700,3298,4.330827067669173,24.96240601503759,11.097744360902254
Census tract,Tract 6408,17031640800,1799,8.997252747252746,18.887362637362635,17.994505494505493
Census tract,Tract 6501,17031650100,4765,6.826178747361013,16.3265306122449,19.962467745718975
Census tract,Tract 6502,17031650200,7251,9.469472436277416,25.370480142264373,12.033195020746888
Census tract,Tract 6503.01,17031650301,5829,4.177845917976236,28.804139517056345,10.04216174779609
Census tract,Tract 6503.02,17031650302,4522,6.262852869695271,29.44475602916433,9.79622359319499
Census tract,Tract 6504,17031650400,6894,7.375765342446249,32.80649295173003,5.994589206891641
Census tract,Tract 6505,17031650500,4401,5.904150197628458,20.55335968379447,17.66304347826087
Census tract,Tract 6603.01,17031660301,1850,9.49868073878628,31.02902374670185,16.517150395778362
Census tract,Tract 6603.02,17031660302,5549,5.5986826629028466,24.44130792754646,16.56080922135968
Census tract,Tract 6604,17031660400,5692,7.237209302325581,22.046511627906977,9.87906976744186
Census tract,Tract 6605,17031660500,5013,8.529806402146829,22.1008242284838,12.516772091240178
Census tract,Tract 6606,17031660600,6404,8.832063837504533,35.79978237214363,14.834965542256077
Census tract,Tract 6607,17031660700,2076,3.0706836616454227,15.52723059096176,18.424101969872535
Census tract,Tract 6608,17031660800,6114,8.983726336765194,30.023248090335436,14.181335104616409
Census tract,Tract 6609,17031660900,4446,12.77516462841016,30.611476952022574,10.649106302916277
Census tract,Tract 6610,17031661000,5756,4.070796460176991,20.884955752212388,19.311701081612583
Census tract,Tract 6611,17031661100,6633,1.1257817929117442,20.667129951355108,7.39402362751911
Census tract,Tract 6701,17031670100,1349,5.92747559274756,24.825662482566248,14.644351464435148
Census tract,Tract 6702,17031670200,1325,3.184230477634572,21.00075815011372,7.960576194086428
Census tract,Tract 6703,17031670300,1287,4.6681254558716265,21.2253829321663,12.76440554339898
Census tract,Tract 6704,17031670400,1585,3.247631935047361,20.43301759133965,23.27469553450609
Census tract,Tract 6705,17031670500,1148,11.04502973661852,34.57943925233645,22.429906542056074
Census tract,Tract 6706,17031670600,1339,4.500381388253242,29.36689549961861,12.204424103737605
Census tract,Tract 6707,17031670700,1252,9.447983014861997,30.254777070063692,11.67728237791932
Census tract,Tract 6708,17031670800,1477,4.63871543264942,15.254237288135592,22.390722569134702
Census tract,Tract 6709,17031670900,1172,1.7117117117117115,19.00900900900901,28.64864864864865
Census tract,Tract 6711,17031671100,994,5.381165919282512,30.269058295964125,22.86995515695067
Census tract,Tract 6712,17031671200,980,16.710875331564985,31.962864721485413,16.976127320954905
Census tract,Tract 6713,17031671300,2048,9.2057761732852,17.56919374247894,19.975932611311674
Census tract,Tract 6714,17031671400,1558,9.02455209024552,27.140013271400132,28.931652289316524
Census tract,Tract 6715,17031671500,2716,4.385245901639345,17.745901639344265,18.48360655737705
Census tract,Tract 6716,17031671600,1804,6.0449050086355784,25.215889464594127,15.716753022452504
Census tract,Tract 6718,17031671800,1142,16.20294599018003,23.731587561374795,9.656301145662848
Census tract,Tract 6719,17031671900,1122,3.364485981308411,16.542056074766357,12.33644859813084
Census tract,Tract 6720,17031672000,3397,7.647058823529412,26.601307189542485,13.88888888888889
Census tract,Tract 6805,17031680500,1307,2.8328611898017,17.63456090651558,9.34844192634561
Census tract,Tract 6806,17031680600,1165,6.827309236947792,30.622489959839356,13.95582329317269
Census tract,Tract 6809,17031680900,3573,5.473238584820079,15.33111581493801,22.013909888116117
Census tract,Tract 6810,17031681000,2573,1.4447481452557596,26.981647793830536,16.55603279968762
Census tract,Tract 6811,17031681100,2873,7.078384798099763,27.220902612826603,19.7624703087886
Census tract,Tract 6812,17031681200,2353,2.73768043802887,23.992035838725737,21.951219512195124
Census tract,Tract 6813,17031681300,2182,5.468378506894912,23.109843081312412,13.884926295767947
Census tract,Tract 6814,17031681400,2474,5.859802847754655,10.733844468784229,24.096385542168676
Census tract,Tract 6903,17031690300,2302,0.0,18.642350557244175,26.595744680851062
Census tract,Tract 6904,17031690400,3363,6.93192415293752,19.36586882188374,17.407522536524713
Census tract,Tract 6905,17031690500,992,5.204460966542751,20.94175960346964,13.135068153655514
Census tract,Tract 6909,17031690900,4250,1.1308147005911076,14.186584425597532,21.716782318170136
Census tract,Tract 6910,17031691000,2668,6.041666666666667,21.875,20.041666666666664
Census tract,Tract 6911,17031691100,2980,7.64872521246459,13.157066414856782,10.51306263770853
Census tract,Tract 6912,17031691200,2277,7.528479445269936,33.68003962357603,12.332838038632987
Census tract,Tract 6913,17031691300,2374,9.452332657200811,23.732251521298178,22.758620689655174
Census tract,Tract 6914,17031691400,3411,9.66702470461869,27.28249194414608,21.983530254206947
Census tract,Tract 6915,17031691500,1806,4.793756967670011,30.54626532887402,12.82051282051282
Census tract,Tract 7001,17031700100,3326,7.384131971720345,25.530243519245875,8.483896307934014
Census tract,Tract 7002,17031700200,6554,3.876193231125253,27.523864622505062,9.835117153601388
Census tract,Tract 7003.01,17031700301,5762,5.673758865248227,28.071911594920007,8.725053603826488
Census tract,Tract 7003.02,17031700302,5662,6.452186277995023,28.012797724848916,16.405972271596163
Census tract,Tract 7004.01,17031700401,5822,3.9993726474278546,22.020075282308657,10.225846925972396
Census tract,Tract 7004.02,17031700402,4082,1.7086591369823343,26.411815812337096,13.147987257457284
Census tract,Tract 7005.01,17031700501,6912,4.5881616035076735,16.050735984967115,17.585342937676167
Census tract,Tract 7005.02,17031700502,2978,7.088901801278326,18.50668216153399,26.815804764671704
Census tract,Tract 7101,17031710100,1015,5.0,14.000000000000002,9.375
Census tract,Tract 7102,17031710200,4635,7.1988246816846235,25.58765915768854,27.52203721841332
Census tract,Tract 7103,17031710300,1424,7.179487179487179,11.794871794871794,18.803418803418804
Census tract,Tract 7104,17031710400,5424,10.647639956092206,26.381266008049764,26.088547383827297
Census tract,Tract 7105,17031710500,4036,4.023447908339994,19.531041833200103,18.385291766586732
Census tract,Tract 7106,17031710600,1706,1.8312985571587128,12.486126526082131,21.365149833518313
Census tract,Tract 7107,17031710700,3420,5.8705612829324165,18.92898052691867,17.29667812142039
Census tract,Tract 7108,17031710800,4804,7.254985150615188,28.425965210012727,19.55876113703861
Census tract,Tract 7109,17031710900,1942,14.089184060721063,34.819734345351044,11.148007590132828
Census tract,Tract 7110,17031711000,3058,10.71532001158413,32.78308717057631,18.882131479872573
Census tract,Tract 7111,17031711100,2499,5.500381970970206,20.473644003055767,14.24751718869366
Census tract,Tract 7112,17031711200,4687,3.746877601998335,21.482098251457117,20.77435470441299
Census tract,Tract 7113,17031711300,1462,5.15527950310559,16.645962732919255,28.57142857142857
Census tract,Tract 7114,17031711400,2394,13.355530891601925,28.04291527931927,17.01812800591935
Census tract,Tract 7115,17031711500,2372,3.843042071197411,20.307443365695793,21.399676375404532
Census tract,Tract 7201,17031720100,3344,8.591168519074797,22.91979573445479,18.684289576449384
Census tract,Tract 7202,17031720200,4131,8.002883922134101,25.835135784667145,20.499879836577744
Census tract,Tract 7203,17031720300,3637,3.9312754804892256,15.812463599301108,30.139778683750727
Census tract,Tract 7204,17031720400,1961,3.596730245231607,23.160762942779293,15.040871934604905
Census tract,Tract 7205,17031720500,2086,4.713983050847458,21.66313559322034,15.51906779661017
Census tract,Tract 7206,17031720600,1691,9.637305699481866,31.606217616580313,16.37305699481865
Census tract,Tract 7207,17031720700,3073,0.6682258603407952,19.2449047778149,17.006348145673236
Census tract,Tract 7301,17031730100,2462,4.014748054076199,18.92666939778779,25.35845964768538
Census tract,Tract 7302.01,17031730201,5627,1.6556914393226718,15.785512699905926,14.901222953904044
Census tract,Tract 7302.02,17031730202,2893,4.716981132075472,23.551212938005392,19.40700808625337
Census tract,Tract 7303,17031730300,1046,2.431289640591966,17.33615221987315,20.507399577167018
Census tract,Tract 7304,17031730400,3386,4.06026557711951,20.301327885597548,15.372829417773238
Census tract,Tract 7305,17031730500,4220,5.5075327241294145,16.96715238330452,23.66016300321067
Census tract,Tract 7306,17031730600,3254,8.91647855530474,28.470654627539503,18.9334085778781
Census tract,Tract 7307,17031730700,2281,1.4064697609001406,23.01922175339897,18.70604781997187
Census tract,Tract 7401,17031740100,3234,9.591982820329276,22.548317823908377,18.00286327845383
Census tract,Tract 7402,17031740200,5830,5.977122603512164,24.198485580795875,16.851941356532947
Census tract,Tract 7403,17031740300,4869,6.943631753462063,28.16461868539107,15.701189779598208
Census tract,Tract 7404,17031740400,4695,6.350282485875707,26.05649717514124,9.649717514124294
Census tract,Tract 7501,17031750100,3736,5.0588235294117645,24.058823529411764,24.147058823529413
Census tract,Tract 7502,17031750200,3024,5.325077399380805,23.86996904024768,18.854489164086687
Census tract,Tract 7503,17031750300,2470,4.324324324324325,29.575289575289577,14.903474903474905
Census tract,Tract 7504,17031750400,2909,5.237154150197629,24.24242424242424,19.005270092226613
Census tract,Tract 7505,17031750500,5618,3.720844131803036,23.15808959644576,27.878563495001853
Census tract,Tract 7506,17031750600,3420,13.661202185792352,29.2896174863388,13.934426229508196
Census tract,Tract 7608.01,17031760801,4403,10.626647738795375,26.20158182924356,9.32873656459136
Census tract,Tract 7608.02,17031760802,2374,2.406417112299465,11.007130124777184,29.27807486631016
Census tract,Tract 7608.03,17031760803,6394,4.986359502879661,15.353137314337678,11.276144286147318
Census tract,Tract 7705,17031770500,4632,8.473389355742297,32.563025210084035,7.23622782446312
Census tract,Tract 7706.02,17031770602,4762,3.816475495307612,20.312825860271115,16.746611053180395
Census tract,Tract 7707,17031770700,2537,5.7202505219206685,16.53444676409186,19.248434237995824
Census tract,Tract 7708,17031770800,5661,8.659311267134738,27.632898696088265,16.232029421598128
Census tract,Tract 7709.01,17031770901,5245,2.842151289899431,14.429383471797111,24.529951902055096
Census tract,Tract 7709.02,17031770902,3732,7.325912503235828,22.75433600828372,18.94900336526016
Census tract,Tract 8104,17031810400,5409,5.0245959241040055,20.27406886858749,19.342937456078708
Census tract,Tract 8105.01,17031810501,5293,2.911862419386359,16.376783271448115,29.84170412350987
Census tract,Tract 8105.02,17031810502,5355,4.119724230704557,20.38002354128132,18.51353623675803
Census tract,Tract 8106,17031810600,4949,7.594673325010404,25.842696629213485,15.25176862255514
Census tract,Tract 8233.04,17031823304,5872,3.7331917905166314,21.036801132342532,16.96744515215853
Census tract,Tract 8305,17031830500,4410,5.509046718876586,24.84472049689441,15.419929786659464
Census tract,Tract 8306,17031830600,4935,8.535812381153603,19.163321360659204,7.901964927107542
Census tract,Tract 8307,17031830700,4006,6.689453125,14.0625,6.1279296875
Census tract,Tract 8308,17031830800,2405,2.597921662669864,7.394084732214229,6.71462829736211
Census tract,Tract 8309,17031830900,3076,7.847840986977382,16.620973269362576,5.071967100753941
Census tract,Tract 8310,17031831000,2633,7.20245937637242,13.175230566534916,4.830917874396135
Census tract,Tract 8311,17031831100,6697,2.9144698301113063,17.7211482132396,13.898652606912712
Census tract,Tract 8312,17031831200,4832,6.8069572686278725,24.694009018681555,13.871591153102855
Census tract,Tract 8313,17031831300,1251,11.560226354082458,27.566693613581243,23.60549717057397
Census tract,Tract 8314,17031831400,2820,10.487491982039767,24.40667094291212,14.207825529185374
Census tract,Tract 8315,17031831500,4421,4.943949410750215,23.598735268755387,9.34176487496407
Census tract,Tract 8316,17031831600,7745,8.170342627271467,23.456790123456788,19.350811485642947
Census tract,Tract 8317,17031831700,2237,5.687203791469194,18.672985781990523,20.23696682464455
Census tract,Tract 8318,17031831800,5868,10.470510271703116,27.607687210072896,10.231941683233927
Census tract,Tract 8319,17031831900,3040,4.3841336116910234,9.98608211551844,10.716771050800276
Census tract,Tract 8320,17031832000,2062,3.9298669891172913,4.71584038694075,3.9298669891172913
Census tract,Tract 8321,17031832100,3410,8.997289972899729,17.913279132791327,4.471544715447155
Census tract,Tract 8322,17031832200,3289,5.73030208657739,15.5403301152289,3.052008720024914
Census tract,Tract 8323,17031832300,2054,3.3007903300790327,9.669920966992096,3.0218503021850305
Census tract,Tract 8324,17031832400,3601,4.78021978021978,12.445054945054943,5.384615384615385
Census tract,Tract 8325,17031832500,3334,7.074340527577938,21.85251798561151,14.808153477218225
Census tract,Tract 8326,17031832600,4147,9.67741935483871,19.802213327054393,7.982105015304922
Census tract,Tract 8329,17031832900,1995,0.7789678675754625,6.962025316455696,9.542356377799416
Census tract,Tract 8330,17031833000,5637,7.593668603486275,12.783009416950511,2.3041474654377883
Census tract,Tract 8331,17031833100,9493,4.468395643875604,10.003368137420008,3.4804086673402943
Census tract,Tract 8333,17031833300,2912,7.1871579715432325,14.08245165997811,9.668004377964246
Census tract,Tract 8339,17031833900,2333,14.501744862349748,33.46258239627763,11.360992632803413
Census tract,Tract 8340,17031834000,3609,11.69054441260745,34.67048710601719,10.229226361031518
Census tract,Tract 8342,17031834200,4693,3.92156862745098,17.759103641456583,17.012138188608777
Census tract,Tract 8343,17031834300,6240,6.194125159642401,23.51532567049809,24.744572158365266
Census tract,Tract 8344,17031834400,3765,6.303030303030304,21.793939393939393,10.06060606060606
Census tract,Tract 8345,17031834500,1765,6.226650062266501,26.899128268991284,3.4246575342465753
Census tract,Tract 8346,17031834600,2357,4.931794333683106,21.038824763903463,22.298006295907665
Census tract,Tract 8347,17031834700,1759,3.731343283582089,20.21709633649932,14.17910447761194
Census tract,Tract 8348,17031834800,1753,1.6939252336448596,18.69158878504673,15.42056074766355
Census tract,Tract 8349,17031834900,1952,3.654188948306595,14.97326203208556,25.49019607843137
Census tract,Tract 8350,17031835000,6398,7.672634271099745,19.55669224211424,16.504688832054562
Census tract,Tract 8351,17031835100,5585,8.501118568232663,23.89261744966443,13.60178970917226
Census tract,Tract 8352,17031835200,2038,6.283662477558348,19.075403949730703,17.235188509874327
Census tract,Tract 8355,17031835500,1584,4.553961322520275,23.76793512164691,19.775421085464753
Census tract,Tract 8356,17031835600,898,0.0,8.16326530612245,42.67161410018553
Census tract,Tract 8358,17031835800,1698,2.150023889154324,22.455805064500716,9.794553272814142
Census tract,Tract 8360,17031836000,2338,12.750455373406194,33.369763205828775,10.200364298724956
Census tract,Tract 8361,17031836100,1893,4.612265585402939,31.069437404967054,13.6340598073999
Census tract,Tract 8362,17031836200,2178,0.5732152162584679,6.149035956227202,4.637832204273059
Census tract,Tract 8363,17031836300,1492,3.984819734345351,12.397216951296649,15.43327008222644
Census tract,Tract 8364,17031836400,3621,9.71682398667407,22.76513048306496,13.881177123820098
Census tract,Tract 8365,17031836500,1527,6.436314363143632,22.696476964769648,11.720867208672086
Census tract,Tract 8366,17031836600,2929,3.674745895230649,11.688819390148554,18.960125097732604
Census tract,Tract 8367,17031836700,2481,2.5660377358490565,32.30188679245283,6.0
Census tract,Tract 8368,17031836800,2645,7.171156893819335,21.35499207606973,6.141045958795563
Census tract,Tract 8369,17031836900,1439,7.554760840411265,43.58515869468037,4.962002682163612
Census tract,Tract 8370,17031837000,2042,4.691462383770076,32.671174978867285,11.62299239222316
Census tract,Tract 8371,17031837100,1652,3.6005434782608696,16.372282608695652,19.497282608695652
Census tract,Tract 8373,17031837300,2489,6.600790513833991,22.60869565217391,10.355731225296443
Census tract,Tract 8374,17031837400,1990,8.521560574948666,25.25667351129364,6.108829568788502
Census tract,Tract 8378,17031837800,2837,4.130605822187254,19.86624704956727,9.71675845790716
Census tract,Tract 8380,17031838000,2651,3.509433962264151,16.49056603773585,12.11320754716981
Census tract,Tract 8381,17031838100,1821,0.1256281407035175,5.778894472361809,20.037688442211056
Census tract,Tract 8382,17031838200,1675,0.9855072463768116,13.333333333333334,7.130434782608695
Census tract,Tract 8383,17031838300,2580,2.433333333333333,8.566666666666666,6.933333333333333
Census tract,Tract 8386,17031838600,1518,5.679012345679013,26.234567901234566,20.432098765432094
Census tract,Tract 8387,17031838700,4132,7.615446934917634,29.246556845800704,10.64002160410478
Census tract,Tract 8388,17031838800,3102,6.25,26.60427807486631,19.6524064171123
Census tract,Tract 8390,17031839000,10435,1.3156621843861855,4.479055818902969,9.70300860984812
Census tract,Tract 8391,17031839100,8234,4.518713230692202,4.643885342345725,3.041682313180623
Census tract,Tract 8392,17031839200,2749,2.40343347639485,6.394849785407724,24.8068669527897
Census tract,Tract 8395,17031839500,1590,7.457627118644068,21.638418079096045,32.090395480225986
Census tract,Tract 8396,17031839600,1729,5.755395683453238,11.55875299760192,30.503597122302157
Census tract,Tract 8397,17031839700,4545,7.080383173677634,18.242399000416498,9.454394002498958
Census tract,Tract 8398,17031839800,2686,3.5135135135135136,13.822393822393822,11.389961389961387
Census tract,Tract 8399,17031839900,4431,4.586330935251799,14.725719424460433,15.827338129496402
Census tract,Tract 8400,17031840000,3001,3.0939648586707413,19.556913674560732,21.04660045836516
Census tract,Tract 8401,17031840100,3029,2.8469750889679712,16.583629893238435,23.451957295373667
Census tract,Tract 8402,17031840200,2497,3.6396724294813465,19.29026387625114,23.066424021838035
Census tract,Tract 8403,17031840300,4196,6.5375302663438255,21.95318805488297,13.101963949421576
Census tract,Tract 8404,17031840400,3369,3.577235772357724,24.579945799457995,12.574525745257452
Census tract,Tract 8407,17031840700,3900,5.233033524121014,17.743254292722813,6.78659035159444
Census tract,Tract 8408,17031840800,3332,9.782940996637114,31.244267808009784,5.227759095077958
Census tract,Tract 8410,17031841000,1136,3.51931330472103,12.875536480686694,18.283261802575108
Census tract,Tract 8411,17031841100,7356,4.137841012922594,17.347604751337943,21.90314580341992
Census tract,Tract 8412,17031841200,4873,4.827280779450841,20.17271922054916,16.341895482728077
Census tract,Tract 8413,17031841300,4173,2.7423622804907386,14.577820543661293,7.577579985566514
Census tract,Tract 8415,17031841500,2904,8.207630878438332,38.99733806566105,9.316770186335404
Census tract,Tract 8417,17031841700,1509,0.0,6.578947368421052,21.38157894736842
Census tract,Tract 8418,17031841800,2404,13.295799047206582,28.8869640537029,11.390212213079256
Census tract,Tract 8419,17031841900,6500,2.3188869342715495,6.748760594914441,5.037581960658883
Census tract,Tract 8420,17031842000,2590,5.683836589698046,10.550621669627,18.3303730017762
Census tract,Tract 8421,17031842100,6650,7.608695652173914,25.793184488836665,12.176850763807286
Census tract,Tract 8422,17031842200,4212,0.5511160099200882,7.715624138881235,12.75833562965004
Census tract,Tract 8423,17031842300,3529,5.637110980622431,8.866705813270698,7.046388725778038
Census tract,Tract 8424,17031842400,3041,4.817788758492897,21.093267449042617,24.212476837554046
Census tract,Tract 8425,17031842500,2644,6.698564593301436,42.69414795730585,4.416635995583364
Census tract,Tract 8426,17031842600,4245,4.883366034445171,20.47089601046436,13.124046217571395
Census tract,Tract 8428,17031842800,7637,5.612694681163679,23.802527181898327,11.57801939465178
Census tract,Tract 8429,17031842900,2480,4.600760456273764,20.64638783269962,18.935361216730037
Census tract,Tract 8430,17031843000,2880,4.643584521384929,24.643584521384927,15.885947046843176
Census tract,Tract 8431,17031843100,1747,3.621730382293763,23.205902079141516,6.639839034205232
Census tract,Tract 8432,17031843200,2422,3.5664007508212108,16.37728765837635,12.388549976536838
Census tract,Tract 8433,17031843300,1572,10.80574640849469,28.669581511555275,9.05683947532792
Census tract,Tract 8434,17031843400,1524,1.6556291390728477,27.81456953642384,19.28807947019868
Census tract,Tract 8435,17031843500,6030,0.3305785123966942,0.7319952774498228,3.1995277449822903
Census tract,Tract 8436,17031843600,3089,7.813010787839163,22.32755802549853,9.872507355344885
Census tract,Tract 8437,17031843700,2544,12.809743805123896,27.29945401091978,9.029819403611928
Census tract,Tract 8438,17031843800,2000,2.148925537231384,18.640679660169916,15.642178910544729
Census tract,Tract 8439,17031843900,3666,4.228984012377515,23.904074265085097,16.400206291903043
Census tract,Tract 8446,17031844600,1776,6.728232189973616,17.23834652594547,12.84080914687775
Census tract,Tract 8447,17031844700,2342,3.7250786988457505,12.801678908709338,6.348373557187828
Census tract,Tract 8400,17043840000,2835,9.8,26.200000000000003,11.4
Census tract,Tract 8408.01,17043840801,2621,2.4812918471839307,17.25088617565971,25.246159905474595
